Name,Text,URL,,
ABX 10 DAY DURATION,7 days10 days14 daysNoneOther,,,
ABX 10 DAY DURATION EXPLANATION,"Please select a duration for antimcirobial treatment. The default recommended duration for this indication is 10 days. If you would like to choose a duration other than those listed please select ""other"" and manually change in the comments of the antimicrobial.",,,
ABX ACCEPT BUTTON,Accept,,,
ABX ACIP BEST PRACTICES GUIDANCE,,https://www.cdc.gov/vaccines/hcp/acip-recs/general-recs/timing.html#t-05,,
"ABX ADULT IMMUNIZATION SCHEDULE, FULL VERSION",CDC Recommended Adult Immunization Schedule [Click Here],https://dvagov.sharepoint.com/:b:/r/sites/vhav23/CDSS/CDSS%20Resources/CDC%20Immunization%20Schedule%20Full.pdf?csf=1&web=1&e=B3H7st,,
ABX ALBC ORTHOPEDIC SURGERY,,\\v23.med.va.gov\V23\VISN 23\Services\VHA13FPC14\VISN23\CDSS\ALBC.pdf,,
ABX ANTIMICROBIAL FORMULARY,Antimicrobial Formulary,https://dvagov.sharepoint.com/:b:/r/sites/vhav23/CDSS/CDSS%20Resources/Antimicrobial%20Formulary.pdf?csf=1&web=1&e=E9wLjo,,
ABX ATOVAQUONE CLINICAL REASON,Atovaquone: G6PD deficiency lab confirmed (dapsone contraindicated)Atovaquone: Patient dx systemic lupus erythematosus (SLE)Atovaquone: Concern for hematologic toxicity (specify in comments section)Other: Please specify reason for atovaquone in comments section.,,,
ABX ATOVAQUONE PCP PROPHYLAXIS,"Atovaquone is expensive, especially for long term prophylaxis. Please select alternative recommendation, unless clinical reason for selecting Atovaquone. Clinical reason for selecting Atovaquone:",,,
ABX AZITHROMYCIN LONGTERM PULMONARY TEXT,Azithromycin for long-term use for COPD requires approval by Pulmonary at MVAHCS.  Please place a Pulmonary Consult and Pulmonary will place order for azithromycin if appropriate. PLEASE SELECT BELOW:,,,
ABX AZITHROMYCIN PULMONARY LONGTERM,Pulmonary staff ordering azithromycinNon-pulmonary staff NOT authorized toorder,,,
ABX AZITHROMYCIN PULMONARY RADIO BUTTONS,I am Pulmonary STAFF authorized to order.,,,
ABX BAM+ETE FACT SHEET FOR PROVIDERS,Fact Sheet for Health Care Providers EUA (Bam+Ete),https://www.fda.gov/media/145802/download,,
ABX BAM+ETE PATIENT FACT SHEET,Fact Sheet for Patients/Caregivers EUA (Bam+Ete),https://www.fda.gov/media/145803/download,,
ABX BAM+ETE PROVIDER EUA LINK,PROVIDER EUA Link to Complete Prior to Order/Administering,https://dvagov.sharepoint.com/sites/VHAPBM/VA_MedSAFE/App/EUA/Lists/EUA_Orders/Item/newifs.aspx,,
ABX BAMLANIVIMAB EUA,Bamlanivimab EUA Fact Sheet for Providers,https://dvagov.sharepoint.com/:b:/r/sites/vhav23/CDSS/CDSS%20Resources/Bamlanivimab_EUA.pdf?csf=1&web=1&e=mGb6rN,,
ABX BAMLANIVIMAB_PATIENT_EUA,Bamlanivimab EUA Fact Sheet for Patient,https://dvagov.sharepoint.com/:b:/r/sites/vhav23/CDSS/CDSS%20Resources/Bamlanivimab_Patient_EUA.pdf?csf=1&web=1&e=GxTLcP,,
ABX BARICITINIB PATIENTS,Baricitinib Fact Sheet Patient/Caregiver,https://www.fda.gov/media/143824/download,,
ABX BARICITINIB PROVIDERS,Baricitinib Fact Sheet Healthcare Providers,https://www.fda.gov/media/143823/download?utm_medium=email&utm_source=govdelivery&utm_source=Sanford+Guide+ID+Update&utm_campaign=2d15084093-EMAIL_CAMPAIGN_2021_08_12&utm_medium=email&utm_term=0_1f5dc66828-2d15084093-29522301&mc_cid=2d15084,,
ABX BEBTELOVIMAB EUA HCP FACT SHEET,Bebtelovimab EUA Fact Sheet HCP,https://www.fda.gov/media/156152/download,,
ABX BEBTELOVIMAB FACT SHEET PATIENTS,Bebtelovimab (EUA) Patient Fact Sheet,https://www.fda.gov/media/156153/download,,
ABX BENZATHINE PENICILLIN IM SANFORD,Benzathine Penicillin IM,https://dva.sanfordguide.com/drug-information/antibacterial-agents/penicillins/penicillin-g,,
ABX BETA-LACTAM ALLERGIES PDF,Beta-lactam Reaction Assessment PDF,https://dvagov.sharepoint.com/:b:/r/sites/vhav23/CDSS/CDSS%20Resources/Beta-lactam%20Allergies%20CDSS.pdf?csf=1&web=1&e=gsFtjT,,
ABX BLD CX CLICK LINK BELOW,CLICK the link below for the blood culture recommendation...,,,
ABX BLOOD CULTURE RECOMM,,file://vhaminfpc1/vamc/MICROBIOL INFO FOR CLINICIANS/zBlood culture rec & info.doc,,
ABX BRONCHITIS DIAGNOSIS UPTODATE,Clinical Diagnosis: Bronchitis <Link to UP-TO-DATE>,https://www.uptodate.com/contents/acute-bronchitis-in-adults?source=search_result&search=bronchitis&selectedTitle=1~150#H1966994717,,
ABX C DIFF 2 STEP LAB TEST,"The patient has not been on laxatives for 48 hours, AND has >/= 3 diarrheal stools per day, AND there is not another cause for diarrhea.",,,
ABX C DIFF 2-STEP INFO,"C. difficile testing should be performed on patients with high suspicion of CDI, WITHOUT other causes of diarrhea (e.g., laxatives, tube feedings, other medications).Repeat testing within 7 days is strongly discouraged, unless there is a significant change in stool pattern/disease activity.Formed stool will not be tested.*** I attest that the patient meets all of the following criteria for testing (must check to proceed):",,,
ABX C DIFF ID CONSULT,Questions: Consult ID through the Consult Menu (Inpt or Outpt),,,
ABX C DIFF SYMPTOMS,"The patient has not been on laxatives for 48 hours, AND has >/= 3 diarrheal stools per day, AND there is not another cause for diarrhea.",,,
ABX C DIFF URL DOCUMENT,C difficile 2-step lab test document link,https://dvagov.sharepoint.com/:b:/r/sites/vhav23/CDSS/CDSS%20Resources/CDI.testing.handout_05052023.pdf?csf=1&web=1&e=QCD36q,,
ABX CALL 3D,Patient or ordering provider: call 3D clinic (31-4988) to schedule vaccine administration,,,
ABX CAP CALCULATOR,CAP Pneumonia Severity Index (PSI) Calculator,https://reference.medscape.com/calculator/pneumonia-severity-index-psi,,
ABX CARDIOVASCULAR HEADING,CARDIOVASCULAR INDICATION:,,,
ABX CAS+IMD FACT SHEET PATIENTS,Fact Sheet Patient/Caregiver,https://dvagov.sharepoint.com/:b:/r/sites/vhav23/CDSS/CDSS%20Resources/EUA%20Patient%20Fact%20Sheet%20Cas+Imd.pdf?csf=1&web=1&e=ac2Mot,,
ABX CAS+IMD FACT SHEET PROVIDERS EUA,Fact Sheet for Providers EUA,https://www.regeneron.com/downloads/treatment-covid19-eua-fact-sheet-for-hcp.pdf,,
ABX CBOC INFO MN,Minnesota CBOC information,https://vaww.va.gov/directory/guide/state.asp?STATE=MN&dnum=ALL,,
ABX CBOC INFO WI,Wisconsin CBOC information,https://vaww.va.gov/directory/guide/state.asp?STATE=WI&dnum=ALL,,
ABX CDC ADULT IMMMUNIZATION SCHEDULE LIST,Use link below to navigate to CDC Recommended Adult Immunization Schedule PDF:,,,
ABX CDC ANTIBIOTICS AREN'T ALWAYS THE ANSWER,CDC-Antibiotics aren't always the answer,https://www.cdc.gov/antibiotic-use/pdfs/AntibioticsArentAlwaystheAnswer-H.pdf,,
ABX CDC RABIES RECOMMENDATIONS,CDC rabies prevention recommedations [Click Here],\\v23.med.va.gov\V23\VISN 23\Services\VHA13FPC14\VISN23\CDSS\Human_Rabies_Prevention_-_United_States_2008_Recom.pdf,,
ABX CDC SYMPTOMATIC RX ACUTE RESPIRATORY INFECTIONS,CDC Symptomatic RX Acute Respiratory Infections,https://www.cdc.gov/antibiotic-use/community/pdfs/aaw/CDC-AU_RCx_Relief_for_Viral_Illness_lg_v8-508.pdf,,
ABX CDC WEBSITE,,http://www.cdc.gov,,
ABX CDSS 2 TEST,Echocardiogram obtained or will be obtained within one week,,,
ABX CDSS 2 TEST 2,At least two blood cultures obtained,,,
ABX CDSS 2 TEST 3,Acute onset endocarditis(< 14 days of symptoms or severely ill patient),,,
ABX CDSS EMAIL PROGRAM TEAM,,mailto:VISN23AntimicrobialCDSS@va.gov,,
ABX CDSS FAQ,CDSS Frequently Asked Questions Document,https://dvagov.sharepoint.com/:b:/r/sites/vhav23/CDSS/CDSS%20Resources/Antimicrobial%20CDSS%20Frequently%20Asked%20Questions.pdf?csf=1&web=1&e=dJyUHD,,
ABX CDSS INTRANET,,http://vaww.minneapolis.med.va.gov/providers/cdss/index.html,,
ABX CDSS STAFF EMAIL ADDITIONAL VERBAGE,**Contact the CDSS staff for any questions on navigating the CDSS.Contact Antimicrobial Stewardship for issues regarding antimicrobial stewardship. Contact ID on call for any patient specific questions or for drug approvals outside the CDSS.**,,,
ABX CDSS STAFF EMAIL VERBAGE,"Please select ""Allow"" from the pop-up box and then *WAIT* for Outlook Email to open in browser.Email: VISN23AntimicrobialCDSS@va.govCDSS Staff (call or Skype for immediate assistance):    Erik Stensgard, PharmD, Phone: 612-467-1781 or    Bobbie Masoud, PharmD, Phone: 612-719-6778Antimicrobial Stewardship Staff:    Muthu Narayan, DO, Pager: 612-818-3936 or    Eric Geurkink, PharmD, Pager: 612-818-0841Infectious Diseases on call schedule:",,,
ABX CDSS TEST 4,2/9/02 MNM,,,
ABX CDSS TEST 5,2/9/02 MNM,,,
ABX CDSS TEST 6,2/9/02 MNM,,,
ABX CDSS TEST 7,2/9/02 MNM,,,
ABX CDSS TEST 8,2/9/02 MNM,,,
ABX CDSS TEST 9,2/9/02 MNM,,,
ABX CDSS WEBSITE,Antimicrobial CDSS Website link,\\v23.med.va.gov\V23\VISN 23\Services\VHA13FPC14\VISN23\CDSS website\Test Page.htm,,
ABX CHECKLIST FOR DIAGNOSIS,"Obtain YOUR OWN historyPerform a focused, purposeful examEmbark on plan, but ENSURE FOLLOW-UP and FEEDBACKTake a ""Diagnostic Time Out"":",,,
ABX CLC COVID-19 VACCINE INTERIM GUIDANCE,CDC COVID-19 Vaccine Interim Clinical Guidance,https://www.cdc.gov/vaccines/covid-19/clinical-considerations/covid-19-vaccines-us.html,,
ABX CLICK CANCEL,Click cancel when finished.,,,
ABX CLICK FOR DIAGNOSIS HELP UPTODATE,CLICK LINK BELOW FOR DIAGNOSIS HELP FROM UPTODATE:,,,
ABX CLICK LINK BELOW CDC WEBSITE,CLICK the link below...,,,
ABX CLICK LINK BELOW FOR MRSA ALGORITHM,Click link below for removal of contact precautions.,,,
ABX CLICK LINK BELOW INFECT CTRL,CLICK the link below to go to the Minneapolis VAMC Infection Control Intranet...,,,
ABX CLICK LINK FOR RESOURCE DRUGS QTC,Click on the following link for a resource for drugs that cause QTc prolongation.,,,
ABX CLICK LINK FOR SINUSITIS ALGORITHM,Click link below for sinusitis algorithm.,,,
ABX COMPLETE,Complete,,,
ABX CONTACT ED CHARGE NURSE,"After completing all items on this form, press okay to complete order.",,,
ABX CORONAVIRUS CDC WEBSITE,More Information: CDC website Novel Coronavirus,https://www.cdc.gov/coronavirus/2019-ncov/index.html,,
ABX CORONAVIRUS INFORMATION,Novel Coronavirus Information - Mpls VA,\\v23.med.va.gov\V23\VISN 23\Services\VHA13FPC14\VISN23\CDSS\CORONAVIRUS INFORMATION.pptx,,
ABX CORONAVIRUS MINNEAPOLIS SHAREPOINT,Minneapolis COVID-19 Sharepoint Site,https://dvagov.sharepoint.com/sites/min/SiteDirectory/COVID-19/SitePages/Home.aspx,,
ABX COVID-19 CLINICAL TESTING FORM,Clinical Testing Form,https://www.health.state.mn.us/diseases/idlab/phlsubform.pdf,,
ABX COVID-19 INPT TREATMENT,Minneapolis VAHCS COVID-19 Pharmacologic Inpatient Treatment Guideline,https://dvagov.sharepoint.com/:b:/r/sites/vhav23/CDSS/CDSS%20Resources/COVID-19%20inpatient%20treatment%2012-1-22.pdf?csf=1&web=1&e=OedMA6,,
ABX COVID-19 INTERACTION CHECK,COVID-19 Medication Interaction Check Website Link,https://www.covid19-druginteractions.org/checker,,
ABX COVID-19 INVESTIGATIONAL TREATMENT,COVID-19 Investigational Treatment,\\v23.med.va.gov\V23\VISN 23\Services\VHA13FPC14\VISN23\CDSS\COVID-19 Investigational Treatment.docx,,
ABX COVID-19 MPLS TREATMENT RECOMMENDATIONS,COVID-19 MPLS Treatment Recommendations,https://dvagov.sharepoint.com/:b:/r/sites/vhav23/CDSS/CDSS%20Resources/04%20COVID19%20Antiviral%20and%20Monoclonal%20Antibody%20Treatment%20SOP%20MVAHCS%2011092022.pdf?csf=1&web=1&e=sv8mEY,,
ABX COVID-19 NO THERAPY SELECTED,Exceeds length of time since symptoms startedPatient did not meet criteria for therapy - list in comment sectionLogistics - intravenous therapy - patient unable to travel to VA Logistics - oral therapy - unable to pick up oral meds from VA Other: Please list in comment section of orderMultiple reasons: Please list in comment section of order,,,
ABX COVID-19 PATIENT TESTING FORM,COVID-19 Patient Testing Form,\\v23.med.va.gov\V23\VISN 23\Services\VHA13FPC14\VISN23\CDSS\COVID-19 Patient Testing Form.pdf,,
ABX COVID-19 STUDY ELIGIBILTY,COVID-19 Study Eligibilty,https://is.gd/covid19pep,,
ABX COVID-19 STUDY EMAIL,COVID-19 Study Email,mailto:faq.covid19@gmail.com,,
ABX COVID-19 TEST,LaboratoryHome Test,,,
ABX COVID-19 UNDERLYING CONDITIONS,Underlying Medical Conditions Associated Increased Risk,https://www.cdc.gov/coronavirus/2019-ncov/hcp/clinical-care/underlyingconditions.html,,
ABX COVID-19 VACCINE BOOSTER DOSE CRITERIA,COVID-19 Booster Dose Eligibility Criteria,https://www.cdc.gov/coronavirus/2019-ncov/vaccines/booster-shot.html,,
ABX COVID-19 VACCINE IMMUNOCOMPROMISED INFORMATION,Link to CDC info on COVID-19 Vaccination in Immunocompromised,https://bit.ly/3mEHnmU,,
ABX COVID-19 VACCINE JANSSEN EUA,Link to COVID-19 Vaccine EUA,https://dvagov.sharepoint.com/:b:/r/sites/vhav23/CDSS/CDSS%20Resources/Janssen%20COVID-19%20Vaccine%20Patient%20EUA.pdf?csf=1&web=1&e=iKldGi,,
ABX COVID-19 VACCINE PFIZER EUA,Link to COVID-19 Vaccine Pfizer EUA,https://dvagov.sharepoint.com/sites/min/SiteDirectory/COVID-19/SiteAssets/Forms/AllItems.aspx?id=%2Fsites%2Fmin%2FSiteDirectory%2FCOVID%2D19%2FSiteAssets%2FSitePages%2FVaccine%2FVeteran%20COVID%2019%20Vaccination%20Packet%2Epdf&parent=%2Fsi,,
ABX CREATININE CLEARANCE CALCULATOR,Creatinine Clearance Calculator,\\vhav23fpc1\MIN\Services\vamc\CDSS\CreatCalc1.54.exe,,
ABX CV,CARDIOVASCULAR:,,,
ABX DAPSONE G6PD TEST,"Confirm: Patient's lab test NORMAL for G6-PD.Patient already receiving Dapsone, continuation of therapy.",,,
ABX DAPSONE PCP PROPHYLAXIS,Patient to be tested for glucose-6-phosphate dehydrogenase (G6PD) deficiency BEFORE starting Dapsone.Please confirm below:,,,
ABX DATE,,,,
ABX DATE BOX,,,,
ABX DAYS SUPPLY QUANTITY CHECK,"PROVIDER PLEASE NOTE: duration depends on site, type of infection and patient specific factors. REVIEW Days Supply and Quantity prior to accepting order (otherwise order defaults to 90 days supply).",,,
ABX DENTAL ABX PPX SOP,DENTAL ABX PPX SOP,https://dvagov.sharepoint.com/:w:/r/sites/vhav23/CDSS/CDSS%20Resources/DENTAL%20ABX%20PPX%20SOP.docx?d=w352a443499834e6d90c23057dac3d10a&csf=1&web=1&e=w3aPxA,,
ABX DENTAL SOP,Dental SOP Antibiotic Prophylaxis,https://dvagov.sharepoint.com/:b:/r/sites/vhav23/CDSS/CDSS%20Resources/Dental%20SOP%202023.pdf?csf=1&web=1&e=eIJXh0,,
ABX DIAGNOSIS CDSS ARTICLE,"""Use of CDSS and Antimicrobial Therapy Appropriateness"" Filice(2013)",\\10.104.8.227\Visn 23\VHA13FPC14\VISN23\CDSS\CDSSStudyArticleICHE.pdf,,
ABX DIAGNOSIS CHECKLIST HEADING 2,"Pause to reflect - take a ""Diagnostic Time Out.""  Short of seeking a second opinion in every case, reflecting on the plausibilty of the working diagnosis may be our best tool to avoid error.",,,
ABX DIAGNOSIS CHECKLIST HEADING 3,"Items to consider during ""Diagnostic Time Out"":",,,
ABX DIAGNOSIS HEADING FOR CHECKLIST,A Checklist for Diagnosis:(Select all items considered),,,
ABX DIAGNOSIS SPECIFIC REFERENCES,DIAGNOSIS SPECIFIC REFERENCES:,http://,,
ABX DIAGNOSIS STUDY MVAHCS,"MVAHCS published study: The initial provider diagnosis was considered correct by reviewers in only 273 (55%) of cases.  Overall, antimicrobial use was more likely to be appropriate if the initial provider diagnosis was correct than if it was incorrect, uncertain, or a sign or symptom rather than a syndrome or disease.",,,
ABX DIAGNOSIS TIME OUT,Was I comprehensive?  Did I consider inherent shortcomings of my intuition?  Was my judgment affected by bias?  Do I need to make diagnosis now or can it wait?  What's the worst case scenario?,,,
ABX DIAGNOSITIC CHECKLIST REFERENCE,"""Checklist to Reduce Diagnostic Errors"" Ely, Academic Medicine 2011",http://journals.lww.com/academicmedicine/Abstract/2011/03000/Checklists_to_Reduce_Diagnostic_Errors.17.aspx,,
ABX DIAGNOSTIC TIME OUT,Was I comprehensive? Did I consider inherent shortcomings of using my intuition? Was my judgment affected by bias? Do I need to make diagnosis now or can it wait? What's the worst case scenario?,,,
ABX DRUG INDICATION EDIT,,,,
ABX DRUG INDICATION HEADER,Indication for antimicrobial(be specific):,,,
ABX DRUG INFORMATION LINKS,For antimicrobial drug information listed alphabetically [Click Here],\\v23.med.va.gov\V23\VISN 23\Services\VHA13FPC14\VISN23\CDSS\Drug Information Links.pdf,,
ABX DRUG INFORMATION MANUAL,To manually seach for drug information in Lexicomp [Click Here],https://online.lexi.com/lco/action/home,,
ABX EBOLA CLICK HERE,Please Click Here to go to Ebola Sharepoint Site:,,,
ABX EBOLA NATIONAL SHAREPOINT,National VHA Ebola Sharepoint Site,http://www.publichealth.va.gov/ebola/,,
ABX EBOLA SHAREPOINT SITE,Minneapolis VA Ebola Sharepoint Site,https://vaww.visn23.portal.va.gov/min/SiteDirectory/ebolaqa/SitePages/Home.aspx,,
ABX EMAIL COVID-19 VACCINE COMMUNICATION,E-mail Minneapolis COVID-19 Vaccine Communication,mailto:COVIDVaccineCommunication@va.gov,,
ABX EMAIL VISN23 ANTIMICROBIAL CDSS,E-mail Antimicrobial CDSS Team,https://outlook.office.com/owa/?path=/mail/action/compose&to=[VISN23AntimicrobialCDSS@va.gov]?subject=Antimicrobial CDSS,,
ABX ENDOCARDITIS CLICK LINK,CLICK the link below for the online Prevention of BacterialEndocarditis...,,,
ABX ENDOCARDITIS COMPLETE INFO,Click the link below for the complete information on Prevention of Infective Endocarditis...,,,
ABX ENDOCARDITIS PDF COMPLETE INFO,AHA Prevention of Infective Endocarditis <Link>,https://www.ncbi.nlm.nih.gov/pubmed/17446442,,
ABX EVUSHELD ADMIN RTC 3V MSP INJ CLINIC,x1 RTC LPN *MSP 3V Injection* clinic for Evusheld administration call Hem/Onc MSA x315193 to make appt.,,,
ABX EVUSHELD APPT MSP 3V INJECTION CLINIC,RTC x1 to LPN *MSP 3V Injection* Clinic for Evusheld Administration.Call x315193 Hem/Onc MSA to make appointment.,,,
ABX EVUSHELD INDICATION,Indication for Evusheld:,,,
ABX EVUSHELD PATIENT ED,"Provider: Yes, Evusheld discussed with patient and documented.",,,
ABX EVUSHELD_ALLOCATION,Evusheld Prioritization of Patients (see pages 7-8),https://dvagov.sharepoint.com/:b:/r/sites/vhav23/CDSS/CDSS%20Resources/Evusheld_%20Allocation.pdf?csf=1&web=1&e=r13gCk,,
ABX EVUSHELD_PATIENT,Evusheld Patient Fact Sheet,https://dvagov.sharepoint.com/:b:/r/sites/vhav23/CDSS/CDSS%20Resources/Evusheld_patient.pdf?csf=1&web=1&e=id8nd5,,
ABX EVUSHELD_PROVIDER,Evusheld Health Care Provider Fact Sheet,https://dvagov.sharepoint.com/:b:/r/sites/vhav23/CDSS/CDSS%20Resources/Evusheld_provider.pdf?csf=1&web=1&e=YS1jkP,,
ABX FDA FORM 3926,FDA Form 3926,\\v23.med.va.gov\V23\VISN 23\Services\VHA13FPC14\VISN23\CDSS\FDA Form 3926.pdf,,
ABX GENERIC CLICK LINK BELOW,Click on link below:,,,
ABX GENERIC CLICK LINK BELOW II,Click on link below for more information:,,,
ABX GENITOURINARY HEADING,GENITOURINARY INDICATION:,,,
ABX GI,GI/INTRAABDOMINAL:,,,
ABX GI AND INTRAABDOMINAL HEADING,GI AND INTRAABDOMINAL HEADING:,,,
ABX GILEAD INFORMED CONSENT,Gilead Informed Consent,\\v23.med.va.gov\V23\VISN 23\Services\VHA13FPC14\VISN23\CDSS\Gilead Informed Consent.docx,,
ABX GU,GENITOURINARY:,,,
ABX HEAD LICE PDF CLICK LINK BELOW,Click the link below for the treating Head Lice PDF file...,,,
ABX HEAD LICE PDF FILE,,http://www.cdc.gov/ncidod/dpd/parasites/lice/2004_PDF_Treating_head_lice.pdf,,
ABX HEPATITIS B ONCOLOGY SHAREPOINT URL,Hepatitis B Oncology SharePoint Site,http://vaww.infoshare.va.gov/sites/MedicalSurgical/oncology/Shared%20Documents/Forms/AllItems.aspx?RootFolder=%2Fsites%2FMedicalSurgical%2Foncology%2FShared%20Documents%2FHepatitis%20Reactivation&FolderCTID=0x01200027D225AC89B63F4AB92E69554,,
ABX HYDROXYCHLOROQUINE COVID RADIO BUTTONS,Dr.DevriesDr.DrekonjaDr.JohnsonDr.KakaDr.NarayanDr.Pragman,,,
ABX HYDROXYCHLOROQUINE COVID TEXT,*ID approval required*- Select ID staff who approved:,,,
ABX HYDROXYCHLOROQUINE OFF-LABEL COVID,FAQ: Hydroxychloroquine Off-Label Use COVID-19,\\v23.med.va.gov\V23\VISN 23\Services\VHA13FPC14\VISN23\CDSS\COVID FAQ.pdf,,
ABX ID ATTESTATION,I attest that I am an ID staff provider who is an EAP investigator for tecovirimat.,,,
ABX IDP ACYCLOVIR SANFORD,12   Acyclovir,https://dva.sanfordguide.com/drug-information/antiviral-agents/herpesvirus/acyclovir,,
ABX IDP ALBENDAZOLE SANFORD,16   Albendazole,https://dva.sanfordguide.com/drug-information/antiparasitic-agents/albendazole,,
ABX IDP AMANTADINE SANFORD,18   Amantadine,https://dva.sanfordguide.com/drug-information/antiviral-agents/influenza/amantadine,,
ABX IDP AMIKACIN SANFORD,20   Amikacin,https://dva.sanfordguide.com/drug-information/antibacterial-agents/amino-glycosides/amikacin,,
ABX IDP AMOXICILLIN SANFORD,22   Amoxicillin,https://dva.sanfordguide.com/drug-information/antibacterial-agents/penicillins/amino-penicillins/amoxicillin,,
ABX IDP AMOXICILLIN-CLAVULANATE SAN,24   Amoxicillin-Clavulanate,https://dva.sanfordguide.com/drug-information/antibacterial-agents/penicillins/amino-penicillins/amoxicillin-clavulanate,,
ABX IDP AMPHOTERICIN B SANFORD,26   Amphotericin B Liposomal (Ambisome),https://dva.sanfordguide.com/drug-information/antifungal-agents/ampho-b-family-polyenes/amphotericin-b,,
ABX IDP AMPICILLIN SANFORD,28   Ampicillin,https://dva.sanfordguide.com/drug-information/antibacterial-agents/penicillins/amino-penicillins/ampicillin,,
ABX IDP AMPICILLIN-SULBACTAM SANFORD,30   Ampicillin-sulbactam,https://dva.sanfordguide.com/drug-information/antibacterial-agents/penicillins/amino-penicillins/ampicillin-sulbactam,,
ABX IDP ATOVAQUONE SANFORD,32   Atovaquone,https://dva.sanfordguide.com/drug-information/antiparasitic-agents/atovaquone-proguanil,,
ABX IDP AZITHROMYCIN SANFORD,34   Azithromycin,https://dva.sanfordguide.com/drug-information/antibacterial-agents/macrolides/azithromycin,,
ABX IDP AZTREONAM SANFORD,38   Aztreonam,https://dva.sanfordguide.com/drug-information/antibacterial-agents/monobactam/aztreonam,,
ABX IDP BENZATHINE PENICILLIN SANFORD,46   Benzathine Penicillin IM,https://dva.sanfordguide.com/drug-information/antibacterial-agents/penicillins/penicillin-g,,
ABX IDP CASPOFUNGIN,50   Caspofungin,https://dva.sanfordguide.com/drug-information/antifungal-agents/echinocandins/caspofungin,,
ABX IDP CEFADROXIL SANFORD,51   Cefadroxil,https://dva.sanfordguide.com/drug-information/antibacterial-agents/cephalosporins/oral/1st-generation/cefadroxil,,
ABX IDP CEFAZOLIN SANFORD,52   Cefazolin,https://dva.sanfordguide.com/drug-information/antibacterial-agents/cephalosporins/parenteral/1st-generation/cefazolin,,
ABX IDP CEFEPIME SANFORD,54   Cefepime,https://dva.sanfordguide.com/drug-information/antibacterial-agents/cephalosporins/parenteral/3rd-4th-generation/cefepime,,
ABX IDP CEFIXIME,56   Cefixime,https://dva.sanfordguide.com/drug-information/antibacterial-agents/cephalosporins/oral/3rd-generation/cefixime,,
ABX IDP CEFOTETAN SANFORD,58   Cefotetan,https://dva.sanfordguide.com/drug-information/antibacterial-agents/cephalosporins/parenteral/2nd-generation/cefotetan,,
ABX IDP CEFOXITIN SANFORD,60   Cefoxitin,https://dva.sanfordguide.com/drug-information/antibacterial-agents/cephalosporins/parenteral/2nd-generation/cefoxitin,,
ABX IDP CEFPODOXIME SANFORD,62   Cefpodoxime,https://dva.sanfordguide.com/drug-information/antibacterial-agents/cephalosporins/oral/3rd-generation/cefpodoxime-proxetil,,
ABX IDP CEFTAZIDIME SANFORD,64   Ceftazidime,https://dva.sanfordguide.com/drug-information/antibacterial-agents/cephalosporins/parenteral/3rd-4th-generation/ceftaz-1,,
ABX IDP CEFTRIAXONE SANFORD,66   Ceftriaxone,https://dva.sanfordguide.com/drug-information/antibacterial-agents/cephalosporins/parenteral/3rd-4th-generation/ceftriaxone,,
ABX IDP CEFUROXIME IV SANFORD,69   Cefuroxime IV,https://dva.sanfordguide.com/drug-information/antibacterial-agents/cephalosporins/parenteral/2nd-generation/cefuroxime,,
ABX IDP CEFUROXIME ORAL SANFORD,70   Cefuroxime axetil Oral,https://dva.sanfordguide.com/drug-information/antibacterial-agents/cephalosporins/oral/2nd-generation/cefuroxime-axetil,,
ABX IDP CEPHALEXIN SANFORD,72   Cephalexin,https://dva.sanfordguide.com/drug-information/antibacterial-agents/cephalosporins/oral/1st-generation/cephalexin,,
ABX IDP CHLORAMPHENICOL SANFORD,74   Chloramphenicol,https://dva.sanfordguide.com/drug-information/antibacterial-agents/chloramphenicol,,
ABX IDP CIPROFLOXACIN SANFORD,76   Ciprofloxacin,https://dva.sanfordguide.com/drug-information/antibacterial-agents/fluoroquinolones/ciprofloxacin,,
ABX IDP CLARITHROMYCIN SANFORD,80   Clarithromycin,https://dva.sanfordguide.com/drug-information/antibacterial-agents/macrolides/clarithromycin,,
ABX IDP CLINDAMYCIN SANFORD,82   Clindamycin,https://dva.sanfordguide.com/drug-information/antibacterial-agents/clindamycin-1/clindamycin,,
ABX IDP CLOTRIMAZOLE TOPICAL LEXI,84   Clotrimazole,http://www.uptodate.com/contents/search.do?unid=minmasoub&srcsys=UTD187508&eiv=2.1.0,,
ABX IDP DAPTOMYCIN SANFORD,100  Daptomycin,https://dva.sanfordguide.com/drug-information/antibacterial-agents/glyco-lipoglyco-peptides/daptomycin,,
ABX IDP DICLOXACILLIN SANFORD,102  Dicloxacillin,https://dva.sanfordguide.com/drug-information/antibacterial-agents/penicillins/antistaphylo-coccal-penicillins/dicloxacin,,
ABX IDP DOLUTEGRAVIR SANFORD,104  Dolutegravir,https://dva.sanfordguide.com/drug-information/antiretroviral-agents/dolutegravir,,
ABX IDP DOXYCYCLINE SANFORD,106  Doxycycline,https://dva.sanfordguide.com/drug-information/antibacterial-agents/tetra-cyclines/doxycycline,,
ABX IDP EMTRICITABINE + TENOFOVIR SANFORD,110  Emtricitabine + Tenofovir (Truvada),https://dva.sanfordguide.com/drug-information/antiretroviral-agents/truvada,,
ABX IDP ERTAPENEM SANFORD,112  Ertapenem,https://dva.sanfordguide.com/drug-information/antibacterial-agents/carbapenems/ertapenem,,
ABX IDP ERYTHROMYCIN OPHTHALMIC LEXI,114  Erythromycin Ophthalmic,http://www.uptodate.com/contents/search.do?unid=minmasoub&srcsys=UTD187508&eiv=2.1.0,,
ABX IDP ERYTHROMYCIN SANFORD,116  Erythromycin,https://dva.sanfordguide.com/drug-information/antibacterial-agents/macrolides/erythromycin-base-esters#autotoc-item-autotoc-1,,
ABX IDP ETHAMBUTOL SANFORD,120  Ethambutol,https://dva.sanfordguide.com/drug-information/antimycobacterial-agents/ethambutol,,
ABX IDP FLUCONAZOLE SANFORD,130  Fluconazole,https://dva.sanfordguide.com/drug-information/antifungal-agents/azoles/fluconazole,,
ABX IDP FLUCYTOSINE SANFORD,134  Flucytosine,https://dva.sanfordguide.com/drug-information/antifungal-agents/flucytosine,,
ABX IDP FLUOROQUINOLONE ADVERSE REACTIONS,Fluoroquinolones FDA Update Serious Adverse Effects,https://dva.sanfordguide.com/drug-information/antibacterial-agents/fluoroquinolones/fluoroquinolones-overview,,
ABX IDP FOSCARNET SANFORD,136  Foscarnet,https://dva.sanfordguide.com/drug-information/antiviral-agents/herpesvirus/foscarnet,,
ABX IDP FOSFOMYCIN SANFORD,138  Fosfomycin,https://dva.sanfordguide.com/drug-information/antibacterial-agents/agents-urinary-tract/fosfomycin,,
ABX IDP GANCICLOVIR SANFORD,144  Ganciclovir,https://dva.sanfordguide.com/drug-information/antiviral-agents/herpesvirus/ganciclovir,,
ABX IDP GENTAMICIN SANFORD,146  Gentamicin,https://dva.sanfordguide.com/drug-information/antibacterial-agents/amino-glycosides/gentamicin,,
ABX IDP GRISEOFULVIN SANFORD,148  Griseofulvin,https://dva.sanfordguide.com/drug-information/antifungal-agents/griseofulvin,,
ABX IDP IODOQUINOL SANFORD,150  Iodoquinol,https://dva.sanfordguide.com/drug-information/antiparasitic-agents/iodoquinol,,
ABX IDP ITRACONAZOLE NEW SANFORD,152  Itraconazole,https://dva.sanfordguide.com/drug-information/antifungal-agents/azoles/itraconazole,,
ABX IDP ITRACONAZOLE SANFORD,154  Itraconazole,https://dva.sanfordguide.com/drug-information/antifungal-agents/azoles/itraconazole,,
ABX IDP LEVOFLOXACIN SANFORD,156  Levofloxacin,https://dva.sanfordguide.com/drug-information/antibacterial-agents/fluoroquinolones/levofloxacin,,
ABX IDP LINEZOLID SANFORD,160  Linezolid,https://dva.sanfordguide.com/drug-information/antibacterial-agents/oxazolidinones/linezolid-zyvox,,
ABX IDP MEROPENEM SANFORD,170  Meropenem,https://dva.sanfordguide.com/drug-information/antibacterial-agents/carbapenems/meropenem,,
ABX IDP METRONIDAZOLE SANFORD,172  Metronidazole IV & Oral,https://dva.sanfordguide.com/drug-information/antibacterial-agents/nitroimidazoles/metronidazole#autotoc-item-autotoc-1,,
ABX IDP METRONIDAZOLE TOPICAL LEXI,176  Metronidazole Topical,http://www.uptodate.com/contents/search.do?unid=minmasoub&srcsys=UTD187508&eiv=2.1.0,,
ABX IDP MICAFUNGIN SANFORD,178  Micafungin,https://dva.sanfordguide.com/drug-information/antifungal-agents/echinocandins/micafungin,,
ABX IDP MINOCYCLINE SANFORD,180  Minocycline,https://dva.sanfordguide.com/drug-information/antibacterial-agents/tetra-cyclines/minocycline,,
ABX IDP MOXIFLOXACIN OPHTHALMIC LEXI,182  Moxifloxacin Ophthalmic,http://www.uptodate.com/contents/search.do?unid=minmasoub&srcsys=UTD187508&eiv=2.1.0,,
ABX IDP MOXIFLOXACIN SANFORD,184  Moxifloxacin,https://dva.sanfordguide.com/drug-information/antibacterial-agents/fluoroquinolones/moxifloxacin,,
ABX IDP NAFCILLIN SANFORD,200  Nafcillin,https://dva.sanfordguide.com/drug-information/antibacterial-agents/penicillins/antistaphylo-coccal-penicillins/nafcillin,,
ABX IDP NEOMYCIN,202  Neomycin,https://dva.sanfordguide.com/drug-information/antibacterial-agents/amino-glycosides/neomycin,,
ABX IDP NEOMYCIN SANFORD,202  Neomycin,https://dva.sanfordguide.com/drug-information/antibacterial-agents/amino-glycosides/neomycin,,
ABX IDP NITAZOXANIDE SANFORD,204  Nitazoxanide,https://dva.sanfordguide.com/drug-information/antiparasitic-agents/nitazoxanide,,
ABX IDP NITROFURANTOIN SANFORD,206  Nitrofurantoin,https://dva.sanfordguide.com/drug-information/antibacterial-agents/agents-urinary-tract/nitrofurantoin,,
ABX IDP OSELTAMIVIR SANFORD,208  Oseltamivir,https://dva.sanfordguide.com/drug-information/antiviral-agents/influenza/oseltamivir,,
ABX IDP PAROMOMYCIN SANFORD,220  Paromomycin,https://dva.sanfordguide.com/drug-information/antiparasitic-agents/paromomycin,,
ABX IDP PENICILLIN IV SANFORD,224  Penicillin IV,https://dva.sanfordguide.com/drug-information/antibacterial-agents/penicillins/penicillin-g,,
ABX IDP PENICILLIN VK SANFORD,222  Penicillin VK PO,https://dva.sanfordguide.com/drug-information/antibacterial-agents/penicillins/penicillin-v,,
ABX IDP PIPERACILLIN-TAZOBACTAM SANFORD,226  Piperacillin-tazobactam,https://dva.sanfordguide.com/drug-information/antibacterial-agents/penicillins/anti-pseudomonal-penicillins/piperacillin-tazobactam,,
ABX IDP PYRIMETHAMINE SANFORD,228  Pyrimethamine,https://dva.sanfordguide.com/drug-information/antiparasitic-agents/pyrimethamine,,
ABX IDP QUINUPRISTIN-DALFOPRISTIN,230  Quinupristin-Dalfopristin,https://dva.sanfordguide.com/drug-information/antibacterial-agents/streptogramins/quinupristin-dalfopristin,,
ABX IDP QUINUPRISTIN-DALFOPRISTIN SANFORD,230  Quinupristin-Dalfopristin,https://dva.sanfordguide.com/drug-information/antibacterial-agents/streptogramins/quinupristin-dalfopristin,,
ABX IDP RALTEGRAVIR SANFORD,238  Raltegravir,https://dva.sanfordguide.com/drug-information/antiretroviral-agents/raltegravir,,
ABX IDP RIFABUTIN SANFORD,240  Rifabutin,https://dva.sanfordguide.com/drug-information/antimycobacterial-agents/rifabutin,,
ABX IDP RIFAMPIN SANFORD,242  Rifampin,https://dva.sanfordguide.com/drug-information/antimycobacterial-agents/rifampin,,
ABX IDP RIFAXIMIN SANFORD,244  Rifaximin,https://dva.sanfordguide.com/drug-information/antibacterial-agents/rifamycin/rifaximin,,
ABX IDP STREPTOMYCIN SANFORD,246  Streptomycin,https://dva.sanfordguide.com/drug-information/antibacterial-agents/amino-glycosides/streptomycin,,
ABX IDP SULFACETAMIDE OPHTHALMIC LEXI,248  Sulfacetamide Ophthalmic,https://online.lexi.com/lco/action/doc/retrieve/docid/patch_f/1801743,,
ABX IDP SULFADIAZINE SANFORD,250  Sulfadiazine,https://dva.sanfordguide.com/drug-information/antiparasitic-agents/sulfadiazine,,
ABX IDP TERCONAZOLE LEXI,252  Terconazole,http://www.uptodate.com/contents/search.do?unid=minmasoub&srcsys=UTD187508&eiv=2.1.0,,
ABX IDP TETRACYCLINE SANFORD,254  Tetracycline,https://dva.sanfordguide.com/drug-information/antibacterial-agents/tetra-cyclines/tetracycline,,
ABX IDP TOBRAMYCIN SANFORD,256  Tobramycin,https://dva.sanfordguide.com/drug-information/antibacterial-agents/amino-glycosides/tobramycin,,
ABX IDP TRIMETHOPRIM SANFORD,258  Trimethoprim,https://dva.sanfordguide.com/drug-information/antibacterial-agents/trimethoprim-sulfonamides/trimethoprim,,
ABX IDP TRIMETHOPRIM-SULFAMETHOXAZOLE SANFORD,260  Trimethoprim-sulfamethoxazole,https://dva.sanfordguide.com/drug-information/antibacterial-agents/trimethoprim-sulfonamides/trimethoprim-sulfamethoxazole,,
ABX IDP VALACYCLOVIR SANFORD,270  Valacyclovir,https://dva.sanfordguide.com/drug-information/antiviral-agents/herpesvirus/valacyclovir,,
ABX IDP VALGANCICLOVIR SANFORD,272  Valganciclovir,https://dva.sanfordguide.com/drug-information/antiviral-agents/herpesvirus/valganciclovir,,
ABX IDP VANCOMYCIN SANFORD,274  Vancomycin,https://dva.sanfordguide.com/drug-information/antibacterial-agents/glyco-lipoglyco-peptides/vancomycin,,
ABX IDP VORICONAZOLE SANFORD,276  Voriconazole,https://dva.sanfordguide.com/drug-information/antifungal-agents/azoles/voriconazole,,
ABX IDP ZANAMIVIR SANFORD,280  Zanamivir,https://dva.sanfordguide.com/drug-information/antiviral-agents/influenza/zanamavir,,
ABX IL6 INHIBITOR PBM,IL6 INHIBITOR PBM DOCUMENT,\\v23.med.va.gov\V23\VISN 23\Services\VHA13FPC14\VISN23\CDSS\IL6 INHIBITOR.docx,,
ABX INDICATION,Please enter specific infectious disease/syndrome for antimicrobial order. This will print on RX label.,,,
ABX INDICATION BY CATEGORY,"Please select indication for antimicrobial below. If ""other"" selected, please be specific.",,,
ABX INDICATION CARDIOVASCULAR,"EndocarditisMyocarditisPericarditisInfections involving cardiac devicesSuppurative ThrombophlebitisCardiac Lyme DiseaseOther:Cardiovascular, specific: ____",,,
ABX INDICATION FREETEXT,Indication: __________________________,,,
ABX INDICATION GENITOURINARY,"Complicated CystitisUncomplicated CystitisPyelonephritisUrosepsisEpididymitisPelvic Inflammatory DiseaseProstatitisVaginitisOther:Genitourinary,specific:____",,,
ABX INDICATION GI AND INTRAABDOMINAL,"Appendicitis CholecystitisCholangitisPancreatitisDiverticulitisThrushEsophagitisPeritonitisC difficile diseaseHelicobacter pylori diseaseInfectious diarrhea Other: GI/Intrabdominal,specific:____",,,
ABX INDICATION HEADER,INDICATION:,,,
ABX INDICATION HEADING,Select indication from dropdown list:,,,
ABX INDICATION LUNGS AND MEDIASTINUM,"BronchitisEmpyemaInfluenzaLung abscessMediastinitisPertussisTuberculosisAspiration pneumoniaCommunity-acquired pneumoniaNosocomial pneumonia (HAP, VAP, HCAP)Other:Pulmonary,specific:______",,,
ABX INDICATION OTHER,,,,
ABX INDICATION PRE,*CDSS menu:,,,
ABX INFLUENZA 2017-2018 EDUCATION,,\\v23.med.va.gov\V23\VISN 23\Services\VHA13FPC14\VISN23\CDSS\Influenza.pdf,,
ABX INFLUENZA INPATIENT,Influenza Inpatient,https://dvagov.sharepoint.com/:w:/r/sites/vhav23/CDSS/CDSS%20Resources/Inpatient%20Flu%20Vaccine%20guidelines%2022-23.docx?d=wb84816eae83140a28f0c7c3d9a5268e2&csf=1&web=1&e=camFGy,,
ABX INFLUENZA OUTPATIENT,Influenza Outpatient,https://dvagov.sharepoint.com/:w:/r/sites/vhav23/CDSS/CDSS%20Resources/Outpatient%20Flu%20vaccine%20guidelines%2022-23.docx?d=w0733307ce60a4c01a5fb24f13c1ca58d&csf=1&web=1&e=tegTvi,,
ABX INFLUENZA VACCINE FLUBLOK EGG ALLERGY TEXT,Influenza Vaccine FLUBLOK is restricted to patients with documented severe allergy to eggs.PLEASE SELECT BELOW:,,,
ABX INFLUENZA VACCINE FLUBLOK RADIO BUTTONS,Patient has documented severe allergy-eggs,,,
ABX INTRANET CLICK THIS LINK,CLICK this Link for the CDSS Intranet Website...,,,
ABX ISABEL DIAGNOSIS MAIN PAGE,Click Here for Differential Diagnosis Tool,http://www.isabelhealthcare.com/suggest_diagnoses,,
ABX ISOLATION SIGNS,Isolation Precautions,https://dvagov.sharepoint.com/sites/min/SiteDirectory/InfCon/SitePages/Infection-Prevention.aspx,,
ABX IXODES SCAPULARIS IDENTIFICATION,"Ixodes scapularis identification, Minnesota Department of Health",https://www.health.state.mn.us/diseases/tickborne/ticks.html,,
ABX JLV LINK,JLV (Joint Legacy Viewer) - view all VA documented vaccinations,https://jlv.med.va.gov/JLV/,,
ABX JOHN HOPKINS ABX GUIDE,,http://www.hopkins-abxguide.org/,,
ABX LEADING TEXT DIAGNOSIS LAB VALUES,PERTINENT LABORATORY VALUES:,,,
ABX LEXICOMP CLICK HERE,Please Click Here to go to Lexicomp..,,,
ABX LEXICOMP INTERACTIONS,,https://online.lexi.com/lco/action/interact,,
ABX LEXICOMP ONLINE,Lexicomp online [Click Here],https://liblynxgateway.com/va,,
ABX LINE BREAK,,,,
ABX LUNG,PULMONARY:,,,
ABX LUNGS AND MEDIASTINUM HEADING,LUNGS AND MEDIASTINUM INDICATION:,,,
ABX MAB COVID CONSENT,Patient/Caregiver has consented to receiving this medication treatment authorized under EUA.,,,
ABX MAB COVID DATE,,,,
ABX MAB COVID EDUCATE,Patient/Caregiver has been counseled on this EUA medication treatment and provided printed information.,,,
ABX MAB COVID PURPOSE,Provider to select indication and enter date of symptoms onset or exposure:,,,
ABX MAB COVID SYMPT,Administration to begin within 10 days of symptom onset.,,,
ABX MAB COVID TX PROPH,TREATMENT symptom onset within 10 daysPROPHYLAXIS exposure within 10 daysimmune-suppressed patientPROPHYLAXIS exposure within 5 days immune-competent patient not fully vaccinated,,,
ABX MANDELL ONLINE,Mandell's online [Click Here],https://www.clinicalkey.com/#!/browse/book/3-s2.0-C2016100010X,,
ABX MDH ANTIBIOGRAM,Minnesota Department of Health,https://www.health.state.mn.us/diseases/antibioticresistance/abx/index.html,,
ABX MDH ANTIBIOGRAM CLICK LINK,CLICK the link below to go to the Minnesota Department of Health Antibiogram...,,,
ABX MDH RABIES GUIDE,"Rabies Guide, Minnesota Department of Health [Click Here]",https://www.health.state.mn.us/diseases/rabies/risk/index.html,,
ABX MEASLES OUTBREAK INFO,Measles Outbreak Information for Veterans PDF,\\v23.med.va.gov\V23\VISN 23\Services\VHA13FPC14\VISN23\CDSS\Measles Outbreak Information.pdf,,
ABX MICROGUIDE MOBILE APP LINK,Link to MicroGuide Web App,https://dvagov.sharepoint.com/sites/vhav23/CDSS/SitePages/MicroGuide.aspx,,
ABX MICROGUIDE WEB APP LINK,Link to MicroGuide Web App,https://viewer.microguide.global/MVAHS/ADULT15,,
ABX MICROMEDEX CLICK HERE,Please Click Here to go to Micromedex...,,,
ABX MICROMEDEX ONLINE,,http://vaww.visn23.med.va.gov/CPRSHelp/Clinical_References.htm,,
ABX MIIC LINK,MIIC (Minnesota Immunization Information Connection) - Non-VA vaccines,https://miic.health.state.mn.us/miic/psp?cmd=LoginHandler,,
ABX MINNEAPOLIS ON-CALL SCHEDULE,On-Call Schedule,http://vaww.visn23.med.va.gov/concall/index.asp,,
ABX MISCELLANEOUS HEADING,MISCELLANEOUS INDICATION: (PLEASE SPECIFY),,,
ABX MN TICKBORNE DISEASE RISK,"Tickborne disease risk map, Minnesota Department of Health",https://www.health.state.mn.us/diseases/lyme/highrisk.html,,
ABX MOLNUPIRAVIR EUA HCP FACT SHEET,Molnupiravir EUA Fact Sheet HCP,https://dvagov.sharepoint.com/:b:/r/sites/vhav23/CDSS/CDSS%20Resources/Molnupiravir%20EUA%20Providers.pdf?csf=1&web=1&e=qnjPPV,,
ABX MOLNUPIRAVIR FACT SHEET PATIENTS,Molnupiravir EUA Fact Sheet Patients,https://dvagov.sharepoint.com/:b:/r/sites/vhav23/CDSS/CDSS%20Resources/Molnupiravir%20EUA%20Patients.pdf?csf=1&web=1&e=7S8qDf,,
ABX MONKEYPOX,Monkeypox Guidance VISN 23,https://dvagov.sharepoint.com/:b:/r/sites/vhav23/CDSS/CDSS%20Resources/Monkeypox%20Guidance%202022.pdf?csf=1&web=1&e=z7IT8n,,
ABX MONKEYPOX MPLS PROVIDERS,Mpls Providers Monkeypox Guidance,https://dvagov.sharepoint.com/:w:/r/sites/vhav23/CDSS/CDSS%20Resources/MonkeypoxGuidanceMinneapolisProviders%208.10.docx?d=wc19300df8454472cafb118272cb49d30&csf=1&web=1&e=WJMUqB,,
ABX MONKEYPOX SHAREPOINT,,https://dvagov.sharepoint.com/sites/vhaminmonkeypox?xsdata=MDV8MDF8fDEzNjhhZjZkZjBkOTQzNTI3ZGVhMDhkYWExNWZlNGFifGU5NWYxYjIzYWJhZjQ1ZWU4MjFkYjdhYjI1MWFiM2JmfDF8MHw2Mzc5OTk3MzA0NTY3NTU2OTB8R29vZHxWR1ZoYlhOVFpXTjFjbWwwZVZObGNuWnBZMlY4ZXlKV0lqb,,
ABX MONOCLONAL ANTIBODY ALLOCATION SOP,COVID-19 Monoclonal Antibody and Antiviral Allocation SOP,https://dvagov.sharepoint.com/:b:/r/sites/vhav23/CDSS/CDSS%20Resources/04%20COVID19%20Antiviral%20and%20Monoclonal%20Antibody%20Treatment%20SOP%20.pdf?csf=1&web=1&e=7UazWz,,
ABX MPLS VAMC ABX SENSITIVITIES,Mpls VAMC Antibiotic Sensitivities,https://dvagov.sharepoint.com/:x:/r/sites/vhav23/CDSS/CDSS%20Resources/Antibiogram%20August%202021-July%202022--%2012%20month.xls?d=w0fdcb194fad74b96a6c61c1a549b7743&csf=1&web=1&e=wsduKf,,
ABX MRSA ALGORITHM,,\\vhaminfpc1\vamc\Infection Control\CONTACT_PRECAUTIONS_REMOVAL_CRITERIA.doc,,
ABX MVAMC INFECT CTRL INTRANET,Infection Prevention and Control SharePoint,https://dvagov.sharepoint.com/sites/min/SiteDirectory/InfCon/SitePages/Infection-Prevention.aspx,,
ABX NEUTROPENIC SCORING TOOL,,file:///Q:/CDSS/NEUTROPENIC.HTML,,
ABX NEW UP-TO-DATE MIAN,UP-TO-DATE MAIN PAGE,"http://vaww.visn23.med.va.gov/goto_uptodate.asp?unid=%username:~3,20%&srcsys=UTD187508&eiv=2.1.0?",,
ABX OPENING UPTODATE IN BACKGROUND,,"http://vaww.visn23.med.va.gov/goto_uptodate.asp?unid=%username:~3,20%&srcsys=UTD187508&eiv=2.1.0?",,
ABX PANCREATITIS DIAGNOSIS CLINICAL VALUES,"Acute onset of persistent, mid epigastric abdominal painPain radiating to backPain associated with eatingNausea and vomitingDyspnea due to diaphragmatic inflammation Pleural effusionFeverNone",,,
ABX PANCREATITIS DIAGNOSIS ORDER SET,"PANCREATITISINTRODUCTION - Acute pancreatitis is an acute inflammatory process of the pancreas. Acute pancreatitis should be suspected in patients with severe acute upper abdominal pain but requires biochemical or radiologic evidence to establish the diagnosis.CLASSIFICATION - Acute pancreatitis is divided into the following:*	Mild acute pancreatitis, which is characterized by the 	absence of organ failure and Local or systemic complications *	Moderately severe acute pancreatitis, which is 	characterized by 	transient organ failure (resolves within 48 hours)and/or local or 	systemic complications without Persistent organ failure (>48 hours)*	Severe acute pancreatitis, which is characterized by 	persistent organ failure that may involve one or multiple organs",,,
ABX PANCREATITIS DIAGNOSIS ORDER SET 2,"CLINICAL FEATURES - Most patients with acute pancreatitis have acute onset of persistent, severe epigastric abdominal pain. In some patients, the pain may be in the right upper quadrant or, rarely, confined to the left side.In patients with gallstone pancreatitis, the pain is well localized and the onset of pain is rapid, reaching maximum intensity in 10 to 20 minutes. In contrast, in patients with pancreatitis due to hereditary or metabolic causes or alcohol, the onset of pain may be less abrupt and the pain may be poorly localized. In approximately 50 percent of patients, the pain radiates to the back. The pain persists for several hours to days and may be partially relieved by sitting up or bending forward. Patients with severe acute pancreatitis may have dyspnea due to diaphragmatic inflammation secondary to pancreatitis, pleural effusions, or adult respiratory distress syndrome.",,,
ABX PANCREATITIS DIAGNOSIS ORDER SET 3,"Etiologies:---------------------------------------- *	Acute Alcoholic *	Non-bacterial *	Abscess, Pseudocyst, Post-Necrotizing *	Enterobacteriaceae *	Enterococcus sp. *	Staphylococcus aureus *	Staphylococcus epidermidis *	Anaerobes *	Candida sp.",,,
ABX PANCREATITIS DIAGNOSIS TEST,BSA: |BSA 1.2|Creatinine clearance: |CREATININE CLEARANCE|Amylase: |AMYLASE|Lipase: |LIPASE|,,,
ABX PANCREATITIS LEADING TEXT,SELECT ALL CLINICAL SYMPTOMS THAT APPLY TO PROCEED:,,,
ABX PANCREATITIS MD CONSULT LINK,MD CONSULT: PANCREATITIS,http://www.mdconsult.com/das/search/landingpageresults/428210287-3?search_id=1485280713&kw=pancreatitis,,
ABX PANCREATITIS PUBMED LINK,PubMed: Pancreatitis Link,http://www.ncbi.nlm.nih.gov/pubmed/?term=pancreatitis,,
ABX PANCREATITIS SANFORD LINK,SANFORD: PANCREATITIS,http://www.webedition-dva-sanfordguide.com/sanford-guide-online/disease-clinical-condition/pancreatitis?searchterm=PANCREATITIS,,
ABX PAXLOVID EUA HCP FACT SHEET,Paxlovid EUA Fact Sheet HCP,https://dvagov.sharepoint.com/:b:/r/sites/vhav23/CDSS/CDSS%20Resources/Paxlovid%20EUA%20Providers.pdf?csf=1&web=1&e=tqZdlC,,
ABX PAXLOVID FACT SHEET PATIENTS,Paxlovid EUA Fact Sheet Patients,https://dvagov.sharepoint.com/:b:/r/sites/vhav23/CDSS/CDSS%20Resources/Paxlovid%20EUA%20Patients.pdf?csf=1&web=1&e=h05esd,,
ABX PERITONEAL DIALYSLATE,Low Mag 1.5%Low Mag 2.5%Low Mag 4.25%,,,
ABX PHARMACIST PHONE/PAGER NUMBERS,Pharmacists Coverage Contact Information,https://dvagov.sharepoint.com/:x:/r/sites/vhav23/CDSS/CDSS%20Resources/Pharmacy%20coverage%20by%20team%20v.4.xlsx?d=w5de5c350df7d49f7b4e6bbeef53b5d33&csf=1&web=1&e=XMcPB8,,
ABX PORT CLICK LINK FOR THE PORT SCORE,Click on the following link for the CAPCalculator...,,,
ABX PORT FINISHED CLICK OK BELOW,When finished click OK below,,,
ABX POST EXPOSURE PROPHYLAXIS,,https://dvagov.sharepoint.com/:b:/r/sites/vhav23/CDSS/CDSS%20Resources/PEP.pdf?csf=1&web=1&e=ceK8lv,,
ABX POST EXPOSURE PROPHYLAXIS NPEP,,https://dvagov.sharepoint.com/:b:/r/sites/vhav23/CDSS/CDSS%20Resources/nPEP.pdf?csf=1&web=1&e=0BGkBY,,
ABX POST SCT VACCINATIONS BLOOD 2016,,\\v23.med.va.gov\V23\VISN 23\Services\VHA13FPC14\VISN23\CDSS\BloodSCTvaccinations2016.pdf,,
ABX POSTSCTVACCINATIONS2015NASHVILLE,,\\v23.med.va.gov\V23\VISN 23\Services\VHA13FPC14\VISN23\CDSS\PostSCTvaccinations2015Nashville.xlsx,,
ABX PREV OF BACT ENDOCARD,,http://circ.ahajournals.org/cgi/reprint/CIRCULATIONAHA.106.183095v1?maxtoshow=&HITS=10&hits=10&RESULTFORMAT=&fulltext=endocarditis+prophylaxis&searchid=1&FIRSTINDEX=0&resourcetype=HWCIT,,
ABX PRIORITY GROUP,12345,,,
ABX PROVIDER ID,Dr. DevriesDr. DrekonjaDr. KakaDr. NarayanDr. PragmanDr. Rothenberger,,,
ABX RABIES CLINIC ORDER,Clinic Order for Rabies Vaccine.,,,
ABX RABIES DAY 3-14,37 14,,,
ABX RABIES DAY 3-28,37 14 28,,,
ABX RABIES OPT RX,Outpatient Prescription for Rabies vaccine.,,,
ABX RABIES VACCINE 2ND DOSE,2nd dose on,,,
ABX RABIES VACCINE 3RD DOSE,3rd dose on,,,
ABX RABIES VACCINE 4TH DOSE,4th dose on,,,
ABX RABIES VACCINE 5TH DOSE,5th dose on,,,
ABX REMDESIVIR,Remdesivir PBM Document,\\v23.med.va.gov\V23\VISN 23\Services\VHA13FPC14\VISN23\CDSS\Remdesivir.pdf,,
ABX REMDESIVIR EXPANDED USE DIRECTIONS,Remdesivir Expanded Use Directions,\\v23.med.va.gov\V23\VISN 23\Services\VHA13FPC14\VISN23\CDSS\Remdesivir Expanded Use Directions.pptx,,
ABX REMDESIVIR PI,Remdesivir Package Insert FDA Approved,https://dvagov.sharepoint.com/:b:/r/sites/vhav23/CDSS/CDSS%20Resources/Remdesivir%20PI.pdf?csf=1&web=1&e=NkHCgM,,
ABX RESOURCE QTC PROLONGATION DRUGS,Resource for QT prolongation for meds,https://crediblemeds.org/,,
ABX RIFAXAMIN ID APPROVAL VERIFICATION,Infectious Diseases provider has approved use of rifaxamin in this patient,,,
ABX RITUXIMAB ORDER INSTRUCTIONS,Rituximab Ordering Instructions,https://dvagov.sharepoint.com/:b:/r/sites/vhav23/CDSS/CDSS%20Resources/Rituximab_Order_Instructions.pdf?csf=1&web=1&e=C2GG6o,,
ABX SANFORD GUIDE WEBSITE,,https://dva.sanfordguide.com/,,
ABX SANFORD PREGNANCY WEBSITE,Sanford Guide Pregnancy Risk & Lactation Safety Table [Click Here},https://dva.sanfordguide.com/comparisons-1/pregnancy_risk_lactation_safety,,
ABX SANFORD WEB EDITION,link to sanford web,http://www.webedition-dva-sanfordguide.com/,,
ABX SANFORD WEBSITE,,http://www.webedition-dva-sanfordguide.com/,,
ABX SCREENING CPO&CAURIS SOP,Screening Candida Auris & Carbapenamase-Producing Organisms SOP,https://dvagov.sharepoint.com/:w:/r/sites/vhav23/CDSS/CDSS%20Resources/Carbapenamase-Producing%20Organisms%20and%20C.%20auris%20Screening%20SOP%2012092022.docx?d=wbb4be99653b24c659764c300df16651f&csf=1&web=1&e=fauX52,,
ABX SENSITIVITIES CLICK LINK BELOW,CLICK the link below to go to the Mpls VAMC Antibiotic Sensitivities...,,,
ABX SEVERE SEPSIS CLICK THIS LINK,CLICK the link below for the Severe sepsis screening tool...,,,
ABX SEVERE SEPSIS PROTOCOL DOC,,http://vaww.visn23.med.va.gov/CPRSHelp/documents/Severe_Sepsis_Protocol.doc,,
ABX SINUSITIS ALGORITHM,Sinusitis management algorithm,\\10.104.8.227\Visn 23\VHA13FPC14\VISN23\CDSS\Acute Sinusitis Algorithm.htm,,
ABX SOFA ONLINE CALCULATOR,SOFA Online Calculator [Click Here],https://www.mdcalc.com/sequential-organ-failure-assessment-sofa-score,,
ABX SOTROVIMAB EUA HCP FACT SHEET,Sotrovimab EUA Fact Sheet HCP,https://www.fda.gov/media/149534/download,,
ABX SOTROVIMAB FACT SHEET PATIENTS,Sotrovimab (EUA) Patient Fact Sheet,https://www.fda.gov/media/149533/download,,
ABX SPLENECTOMY VACCINES,Asplenia Vaccine Recommendations,https://dvagov.sharepoint.com/:b:/r/sites/vhav23/CDSS/CDSS%20Resources/SPLENECTOMY%20VACCINES.pdf?csf=1&web=1&e=htPSnR,,
ABX SURGICAL PROPHYLAXIS GUIDELINES 2013,Hyperlink to 2013 Surgical Prophylaxis GuidelinesPubmed link,https://www.ncbi.nlm.nih.gov/pubmed/23327981,,
ABX SURGICAL PROPHYLAXIS INDICATION EDIT,,,,
ABX SURGICAL PROPHYLAXIS INDICATION HEADER,*Indication/Type of Surgery:,,,
ABX THERADOC LINK,TheraDoc Link,https://vhamintdapp.v23.med.va.gov/theradoc/login,,
ABX TOCILIZUMAB FACT SHEET PATIENT,Link to Genentech tocilizumab fact sheet for patients,https://dvagov.sharepoint.com/:b:/r/sites/vhav23/CDSS/CDSS%20Resources/Genentech%20tocilizumab%20fact%20sheet%20for%20patients%20parents%20and%20caregivers.pdf?csf=1&web=1&e=lNTHl5,,
ABX TOCILIZUMAB FACT SHEET PROVIDER,Link to Genentech tocilizumab fact sheet for health care providers,https://dvagov.sharepoint.com/:b:/r/sites/vhav23/CDSS/CDSS%20Resources/Genentech%20tocilizumab%20fact%20sheet%20for%20health%20care%20providers.pdf?csf=1&web=1&e=adRKnK,,
ABX TPOXX SHAREPOINT LINK,Teams Monkeypox Taskforce Documents Link,https://dvagov.sharepoint.com/:f:/r/sites/VHAMINMonkeypoxTaskForce/Shared%20Documents/General/MPX%20Treatment/Current%20EAP%20documents?csf=1&web=1&e=gwdDf2,,
ABX UP TO DATE LINKS,Up-to-Date Link,http://www.uptodate.com/contents/search.do?unid=minmasoub&srcsys=UTD187508&eiv=2.1.0,,
ABX UPTODATE CLICK LINK BELOW,CLICK the link below to go to Up To Date...,,,
ABX UROLOGIC SURGERY PROPHYLAXIS GUIDELINES,AUA Surgery ABX Prophylaxis Guidelines 2019,https://www.auajournals.org/doi/10.1097/JU.0000000000000509,,
ABX UROLOGIC SURGERY PUBMED PROPHY GUIDELINES,AUA Surgery ABX Prophylaxis Guidelines Published Article 2019 <Link>,https://www.ncbi.nlm.nih.gov/pubmed/31441676,,
ABX UTI DIAGNOSIS CLINICAL MANIFESTATIONS,DysuriaFrequencyUrgencySuprapubic painHematuria None,,,
ABX UTI DIAGNOSIS CLINICAL MANIFESTATIONS 2,Fever (>38ºC)ChillsFlank painCostovertebral angle tendernessNausea/vomiting,,,
ABX UTI DIAGNOSIS ORDER SET,"Acute Uncomplicated CystitisINTRODUCTION - Acute cystitis refers to infection of the bladder (lower urinary tract); it can occur alone or in conjunction with pyelonephritis (infection of the kidney ? the upper urinary tract). PATHOGENESIS ? Asymptomatic bacteriuria and symptomatic urinary tract infection are much less common in men than in women. This is due to longer urethral length, drier periurethral environment (with less frequent colonization around the urethra), and antibacterial substances in prostatic fluid.ASYMPTOMATIC BACTERIURIA ? Asymptomatic bacteriuria refers to the presence of a positive urine culture in the absence of symptoms. For men, asymptomatic bacteriuria is defined as a single, clean-catch voided urine specimen with one bacterial species isolated in counts =10(5) CFU/mL in the absence of symptoms. Asymptomatic bacteriuria in young healthy men is rare. Among the elderly, the prevalence of asymptomatic bacteriuria is lower in men than in women; in one report, the prevalence was 6 versus 18 percent respectively.",,,
ABX UTI DIAGNOSIS ORDER SET 2,"Diagnosis ? The diagnosis of uncomplicated cystitis or pyelonephritis begins with assessment of the clinical history, guided by the clinical manifestations above. Physical examination should include assessment for fever, costovertebral angle tenderness, abdominal examination, and possibly a digital rectal examination.Laboratory diagnostic tools consist of urinalysis and urine culture with susceptibility data. A urine Gram stain may be helpful in guiding the choice of empiric therapy pending culture results. A urine culture should be performed in all men with symptoms suggestive of cystitis. Urinalysis ? Urinalysis for evaluation of pyuria is the most valuable laboratory diagnostic test for UTI. Pyuria is present in almost all men with acute cystitis or pyelonephritis; its absence strongly suggests an alternative diagnosis or, in a patient with pyelonephritis, the presence of an obstructing lesion.The most accurate method for assessing pyuria is to examine an unspun voided midstream urine specimen with a hemocytometer; an abnormal result is =10 leukocytes/microL. White blood cell casts in the urine are diagnostic of upper tract infection. The presence of hematuria is helpful since it is common in the setting of UTI but not in urethritis. Hematuria is not a predictor for complicated infection and does not warrant extended therapy.",,,
ABX VA FORM 10-9012,VA Form 10-9012,\\v23.med.va.gov\V23\VISN 23\Services\VHA13FPC14\VISN23\CDSS\Remdesivir VA Form 10-9012.pdf,,
ABX VACC 2 START,1 of 2 dose series2 of 2 dose series,,,
ABX VACC 3 START,1 of 3 dose series2 of 3 dose series3 of 3 dose series,,,
ABX VACC 4 START,1 of 4 dose series2 of 4 dose series3 of 4 dose series4 of 4 dose series,,,
ABX VACC START,todayat a future date (refer to RTC order),,,
ABX VACCINE INFO,__________________________________________________________________________The below will text and links not be included in this order:,,,
ABX VACCINE RTC,"*Provider: If this is a televisit, complete return to clinic (RTC) order included in this order set. If this is an in person clinic visit, please cancel the RTC order. If ordering multiple different vaccine series place only one RTC order (if RTC is required) and one nursing text order (also included in order set).",,,
ABX VACCINE VISIT LOCATION,Televisit. Nurse: refer to return to clinic order for administration date. Clinic visit. Nurse: administer dose(s) today or place RTC order to admin at later date.,,,
ABX VISN 23 ANTIMICROBIAL CDSS,VISN 23 Antimicrobial CDSS,,,
ABX WIR LINK,WIR (Wisconsin Immunization Registry) - Non-VA vaccines,https://www.dhfswir.org/PR/clientSearch.do;jsessionid=U_zHpKge8tpC2vrB-JrXsAAZB9_TkPC8fQY7FS4u.master:ir-server?language=en,,
ABX YESNO,YesNo,,,
